Instance,Init Makespan,Best Makespan,Gap (%),Time (s)
U_10_0.5_Num_1.txt,190.32,167.04000000000002,12.232030264817135,6.050729274749756
U_10_0.5_Num_2.txt,240.40061221858338,184.79999999999998,23.128315566862508,6.665613412857056
U_10_0.5_Num_3.txt,181.81316750538525,165.84,8.785484420380127,5.530872344970703
U_10_0.5_Num_4.txt,224.84,184.36,18.00391389432485,5.600093603134155
U_10_0.5_Num_5.txt,193.07999999999996,149.76000000000002,22.436295835922905,6.094518423080444
